"Approach","Coefficient_logit","SE","z_value","P_value","AME_percent","AME_SE","Pseudo_R2"
"IUCN",0.117675638700832,0.0298795652927693,3.93833168413964,8.20501207491494e-05,2.8982304479985,0.727149874352278,0.0175016475133165
"FUSE",0.142610766957141,0.0683026200268392,2.08792527872434,0.0368045754898526,3.55846111252254,1.6986270004644,0.00239857972397287
"EDGE2",0.464060862689692,0.076877723796603,6.03635019056323,1.57638961025729e-09,11.3868727617001,1.85141479452384,0.0298291170008036
